X1,X2,X3,X4,X5,X6,X7,X8,X9,X10,X11,X12,X13,X14,X15,Y
395.63,5.401,6.681,2.568,252,1.383,18.3,0.428,0,3,21.8,4.32,2.95,0.028,75,30.8
396.9,3.977,26.871,2.478,307,0.271,21,0.538,0,4,91.7,18.72,8.14,1.232,0,15.2
389.25,4.787,9.331,2.696,254,0.739,17.6,0.447,1,4,49,6.05,6.41,0.105,40,33.2
376.7,6.22,6.233,2.57,265,1.889,15.6,0.401,0,1,18.8,4.38,2.93,0.014,60,29.1
385.05,2.894,6.59,2.875,307,1.125,17.4,0.504,0,8,78.3,4.14,6.2,0.315,0,44.8
383.29,1.895,11.493,2.708,264,0.283,13,0.647,0,5,100,7.79,3.97,0.664,20,36
386.86,2.289,8.706,2.898,264,0.188,13,0.647,0,5,91.5,5.91,3.97,0.52,20,48.8
395.69,3.602,13.845,2.563,304,0.695,18.4,0.544,0,4,87.3,9.28,9.9,0.369,0,23.8
83.45,2.053,24.718,2.52,666,0.871,20.2,0.584,0,24,86.1,17.64,18.1,8.492,0,14.5
394.47,2.715,19.794,2.477,384,0.967,20.9,0.52,0,5,87.4,13.44,8.56,0.212,0,19.3
396.9,7.317,10.44,2.492,293,1.63,16.6,0.405,0,6,31.3,7.14,5.32,0.039,52.5,23.2
390.96,3.132,7.796,2.559,296,1.848,16.6,0.51,0,5,33.1,5.33,4.05,0.067,0,29.4
376.14,3.672,7.878,2.722,307,0.054,17.4,0.504,0,8,76.9,5.25,6.2,0.463,0,31.7
396.9,3.875,32.384,2.312,277,0.472,18.6,0.489,1,4,100,23.09,10.59,0.436,0,20
391.83,3.495,16.664,2.483,276,0.224,18,0.445,0,2,69.6,11.34,2.89,0.115,0,21.4
374.71,7.827,13.5,2.536,330,1.004,19.1,0.431,0,7,49.1,9.52,5.86,0.164,22,24.5
384.3,7.653,6.67,2.671,402,1.583,17,0.403,0,3,13.9,4.45,1.47,0.018,95,32.9
387.31,4.695,5.75,2.796,216,0.912,14.9,0.443,0,5,64.5,3.76,3.33,0.036,20,45.4
70.8,2.715,15.714,2.531,384,1.856,20.9,0.52,0,5,85.4,10.63,8.56,0.229,0,18.6
383.37,5.721,8.988,2.484,233,0.638,17.9,0.448,0,3,6.6,5.81,6.91,0.142,0,25.3
370.78,10.71,7.997,2.565,411,1.35,18.3,0.411,0,4,35.9,5.49,1.69,0.08,60,24.1
396.9,1.439,49.084,2.24,437,1.395,21.2,0.624,0,4,100,34.41,21.89,1.629,0,14.4
391.7,2.862,14.414,2.636,307,1.442,17.4,0.507,1,8,88.5,9.71,6.2,0.358,0,26.7
321.02,1.749,21.63,2.476,403,1.609,14.7,0.871,1,5,96,15.12,19.58,1.414,0,17
60.72,1.968,33.887,2.526,666,0.481,20.2,0.679,0,24,95.6,24.08,18.1,9.339,0,9.5
396.9,4.032,22.69,2.405,304,1.176,18.4,0.544,0,4,71.7,15.94,9.9,0.245,0,19.8
378.35,3.672,16.86,2.446,307,1.286,17.4,0.504,0,8,68.1,11.65,6.2,0.537,0,24.3
396.9,2.409,18.566,2.453,391,1.883,19.2,0.585,0,6,65.3,12.92,9.69,0.239,0,21.2
396.9,8.792,8.872,2.548,335,0.895,19.7,0.429,0,1,44.4,5.98,1.25,0.062,40,22.9
240.16,2.283,14.65,2.47,403,0.447,14.7,0.605,0,5,93,9.81,19.58,2.924,0,25
389.7,1.801,7.296,2.95,264,1.14,13,0.647,0,5,86.9,5.12,3.97,0.612,20,50
396.9,3.272,10.874,2.573,307,1.754,17.4,0.507,0,8,80.8,7.6,6.2,0.615,0,30.1
396.9,1.574,28.454,2.519,666,0.777,20.2,0.693,0,24,100,20.32,18.1,14.236,0,7.2
366.15,1.169,13.488,2.493,666,0.593,20.2,0.631,0,24,100,9.53,18.1,9.232,0,50
10.48,2.581,27.317,2.445,666,0.416,20.2,0.713,0,24,87.9,19.01,18.1,4.669,0,12.7
396.9,1.817,32.885,2.372,666,0.822,20.2,0.74,0,24,93.9,22.88,18.1,9.391,0,12.8
396.9,2.11,19.294,2.446,711,1.902,20.1,0.609,0,4,83.5,13.35,27.74,0.111,0,20.1
395.93,8.697,7.426,2.692,226,0.453,17.9,0.403,0,5,21.9,4.81,1.22,0.013,90,35.4
371.72,7.317,13.485,2.562,293,1.216,16.6,0.405,0,6,22.9,9.51,5.32,0.043,52.5,24.8
383.73,5.287,9.968,2.533,305,0.345,19.2,0.413,0,4,6.6,6.72,10.81,0.088,0,24.2
386.75,4.258,20.689,2.447,307,1.619,21,0.538,0,4,81.7,14.67,8.14,0.784,0,17.5
396.9,3.099,9.189,2.724,222,1.104,18.4,0.472,0,7,71.9,6.47,2.18,0.075,33,33.4
396.9,5.416,8.829,2.512,287,1.905,19.6,0.493,0,5,28.9,6.15,7.38,0.303,0,23
396.14,4.812,11.942,2.462,224,1.868,20.2,0.515,0,5,37.3,8.51,5.19,0.033,0,20.6
387.94,4.455,18.136,2.549,307,0.956,21,0.538,0,4,94.4,12.8,8.14,0.773,0,18.4
389.39,5.721,13.46,2.464,233,0.785,17.9,0.448,0,3,40,9.55,6.91,0.123,0,21.2
348.93,3.588,42.131,2.326,277,1.034,18.6,0.489,0,4,9.8,29.55,10.59,0.29,0,23.7
391.98,1.726,24.115,2.544,666,0.048,20.2,0.693,0,24,98.8,17.12,18.1,8.717,0,13.1
396.9,6.498,19.13,2.365,345,0.953,18.9,0.409,0,4,36.8,13.09,6.07,0.136,12.5,17.4
396.9,4.721,9.443,2.533,287,0.686,19.6,0.493,0,5,40.1,6.12,7.38,0.341,0,25
384.07,2.133,21.008,2.648,264,1.598,13,0.647,0,5,84.6,14.79,3.97,0.786,20,30.7
396.42,3.945,16.717,2.389,304,1.936,18.4,0.544,0,4,77.7,11.5,9.9,0.254,0,16.2
391.5,2.759,19.186,2.394,432,1.629,17.8,0.547,0,6,65.2,13.61,10.01,0.145,0,19.3
376.04,10.586,8.545,2.436,334,1.503,22,0.413,0,4,19.5,5.57,1.91,0.107,80,20.6
392.3,4.438,9.447,2.575,247,1.974,18.5,0.449,0,3,56.1,6.53,4.49,0.057,0,26.6
394.33,4.4,23.058,2.434,307,0.829,21,0.538,0,4,94.1,16.3,8.14,0.75,0,15.6
395.56,2.741,11.215,2.787,193,0.813,17.8,0.488,0,3,83.3,7.56,2.46,0.066,0,39.8
395.15,3.748,12.186,2.474,247,0.435,18.5,0.449,0,3,56.8,8.44,4.49,0.072,0,22.2
396.9,1.782,22.95,2.426,666,0.684,20.2,0.693,0,24,94.7,16.35,18.1,13.36,0,12.7
385.41,5.721,7.308,2.602,233,1.316,17.9,0.448,0,3,2.9,4.84,6.91,0.127,0,26.6
394.63,6.062,5.022,2.645,222,0.839,18.7,0.458,0,3,45.8,2.94,2.18,0.032,0,33.4
396.9,1.49,43.339,2.335,666,0.254,20.2,0.693,0,24,100,30.59,18.1,38.352,0,5
344.05,1.755,34.182,2.327,711,0.21,20.1,0.609,0,4,98.3,23.97,27.74,0.183,0,7
392.78,3.421,13.77,2.577,276,1.915,16.4,0.55,0,5,85.1,9.69,13.89,0.07,0,28.7
338.16,1.5,42.531,2.419,666,1.216,20.2,0.693,0,24,77.8,29.97,18.1,9.917,0,6.3
396.9,3.033,23.549,2.483,666,1.692,20.2,0.58,0,24,84,16.29,18.1,4.349,0,19.9
372.08,3.216,9.017,2.676,307,0.866,17.4,0.504,0,8,79.9,6.36,6.2,0.412,0,31.6
396.9,1.533,34.633,2.349,666,1.348,20.2,0.7,0,24,100,24.56,18.1,7.992,0,12.3
330.04,2.263,16.642,2.53,403,1.916,14.7,0.605,0,5,95.2,11.32,19.58,2.45,0,22.3
396.9,3.934,12.991,2.419,279,0.256,19.2,0.499,0,5,41.5,8.77,5.96,0.08,0,21
394.87,4.355,15.986,2.515,277,1.105,18.6,0.489,0,4,52.5,10.97,10.59,0.23,0,24.4
390.7,3.999,26.137,2.432,304,0.929,18.4,0.544,0,4,83.2,18.33,9.9,0.318,0,17.8
396.9,5.96,9.733,2.584,289,0.863,16,0.437,0,4,31.1,6.27,13.92,0.129,0,28.6
18.82,1.863,21.043,2.49,666,0.93,20.2,0.679,0,24,78.7,14.52,18.1,37.662,0,10.9
371.58,7.828,7.211,2.653,358,1.554,14.8,0.4,0,5,10,4.74,2.24,0.056,70,29
378.09,2.087,25.247,2.442,188,0.069,19.1,0.581,0,2,92.9,17.93,25.65,0.093,0,20.5
393.37,2.897,20.232,2.537,666,1.984,20.2,0.58,0,24,75,14.36,18.1,3.569,0,23.2
379.38,2.006,24.778,2.425,188,0.562,19.1,0.581,0,2,95.8,17.58,25.65,0.098,0,18.8
394.12,2.701,7.421,2.675,193,0.087,17.8,0.488,0,3,92.2,4.82,2.46,0.091,0,37.9
96.73,1.936,30.34,2.489,666,0.465,20.2,0.679,0,24,78.1,21.52,18.1,7.367,0,11
304.21,2.185,27.529,2.533,666,0.551,20.2,0.713,0,24,98.3,19.31,18.1,7.526,0,13
394.02,6.641,18.177,2.389,304,0.591,16.9,0.438,0,1,28.4,12.43,6.06,0.05,35,17.1
390.86,7.828,9.194,2.621,358,0.668,14.8,0.4,0,5,47.4,6.07,2.24,0.044,70,24.8
395.04,2.119,17.659,2.541,437,0.635,21.2,0.624,0,4,98.9,12.6,21.89,0.34,0,19.2
27.49,2.003,25.846,2.542,666,1.142,20.2,0.74,0,24,93.3,18.05,18.1,14.421,0,9.6
373.66,4.052,17.653,2.506,398,0.539,18.7,0.437,0,5,74.5,11.97,12.83,0.102,0,20
387.38,3.216,4.723,2.835,307,0.349,17.4,0.504,0,8,86.5,3.13,6.2,0.382,0,37.6
379.41,6.19,9.489,2.546,300,1.213,16.6,0.428,0,6,18.5,6.36,4.93,0.082,30,23.7
393.42,2.079,16.286,2.707,264,1.837,13,0.647,0,5,94.5,11.25,3.97,0.825,20,31
388.45,4.148,14.177,2.575,307,0.335,17.4,0.507,1,8,76.5,9.54,6.2,0.521,0,25.1
393.36,3.37,13.09,2.572,222,1.202,18.4,0.472,0,7,58.1,8.93,2.18,0.055,33,28.4
396.9,5.401,7.505,2.594,281,0.718,19,0.426,0,4,33.5,5.29,4.86,0.041,25,28
386.09,8.907,5.502,2.638,330,1.15,19.1,0.431,0,7,6.8,3.53,5.86,0.082,22,29.6
391.43,2.567,21.017,2.525,666,0.413,20.2,0.713,0,24,88.4,14.65,18.1,3.693,0,17.7
374.68,2.533,17.288,2.642,666,1.09,20.2,0.614,0,24,67.6,11.66,18.1,4.647,0,29.8
393.97,6.815,13.828,2.473,243,0.734,16.8,0.439,0,4,63,9.43,5.64,0.043,21,20.5
388.45,2.162,5.593,2.894,403,1.81,14.7,0.605,1,5,93.9,3.32,19.58,1.519,0,50
396.24,3.103,14.401,2.444,304,0.878,18.4,0.544,0,4,76.7,9.97,9.9,0.349,0,20.3
395.67,2.211,26.772,2.416,384,1.65,20.9,0.52,0,5,91.9,18.66,8.56,0.171,0,19.5
376.57,3.798,29.527,2.36,307,1.966,21,0.538,0,4,98.1,21.02,8.14,1.252,0,13.6
392.63,3.199,6.332,2.798,193,0.913,17.8,0.488,0,3,53.6,4.45,2.46,0.056,0,50
396.9,3.495,8.769,2.723,276,1.519,18,0.445,0,2,62.5,6.19,2.89,0.069,0,33.2
306.38,4.453,25.076,2.459,307,0.695,21,0.538,0,4,88.8,17.28,8.14,0.956,0,14.8
393.68,4.022,9.702,2.69,222,0.217,18.4,0.472,0,7,41.1,6.93,2.18,0.055,33,36.1
390.43,5.492,6.968,2.642,329,0.981,16.1,0.433,0,7,17.7,4.86,6.09,0.1,34,33.1
354.7,1.613,10.462,1.887,666,1.665,20.2,0.718,0,24,87.9,7.12,18.1,4.556,0,27.5
394.12,6.062,7.608,2.536,222,0.778,18.7,0.458,0,3,58.7,5.21,2.18,0.03,0,28.7
396.9,2.382,17.501,2.389,391,0.863,19.2,0.585,0,6,54,12.01,9.69,0.173,0,21.8
395.01,3.666,11.597,2.538,270,1.064,18.2,0.464,0,4,53.6,8.16,15.04,0.042,28,22.9
394.72,7.307,11.476,2.662,285,0.557,15.3,0.4,0,1,20.8,7.85,2.97,0.009,90,32.2
396.9,2.598,13.241,2.479,193,1.687,17.8,0.488,0,3,62.2,9.45,2.46,0.069,0,36.2
331.29,2.54,29.942,2.45,666,1.366,20.2,0.584,0,24,94.5,21.32,18.1,4.422,0,19.1
396.9,3.424,15.747,2.498,666,0.952,20.2,0.532,0,24,64.7,10.74,18.1,5.824,0,23
372.92,1.59,43.625,2.209,666,0.568,20.2,0.7,0,24,100,30.62,18.1,14.334,0,10.2
81.33,2.088,28.166,2.614,666,1.612,20.2,0.584,0,24,94.3,19.69,18.1,10.062,0,14.1
380.23,4.239,17.594,2.583,307,0.424,21,0.538,0,4,87.3,11.98,8.14,1.002,0,21
376.94,5.287,14.823,2.442,305,0.444,19.2,0.413,0,4,17.5,9.88,10.81,0.159,0,21.7
389.61,2.041,2.953,2.793,403,0.472,14.7,0.605,1,5,98.2,1.92,19.58,1.834,0,50
35.05,1.528,30.418,2.58,666,0.783,20.2,0.597,0,24,100,21.22,18.1,14.051,0,17.2
384.97,1.425,32.613,2.384,666,1.221,20.2,0.693,0,24,100,22.98,18.1,67.921,0,5
396.9,4.779,13.942,2.528,247,1.558,18.5,0.449,0,3,48,9.62,4.49,0.051,0,23.9
377.68,6.48,7.647,2.636,398,0.687,15.2,0.437,0,5,21.5,5.1,3.44,0.091,45,37
261.95,1.623,22.336,2.389,403,0.259,14.7,0.871,0,5,98.5,15.79,19.58,2.149,0,19.4
383.78,6.19,10.506,2.57,300,1.216,16.6,0.428,0,6,42.2,7.37,4.93,0.093,30,23.3
391.34,2.505,19.391,2.529,666,1.889,20.2,0.77,1,24,91,13.27,18.1,3.85,0,21.7
396.9,8.907,5.312,2.874,330,0.812,19.1,0.431,0,7,8.4,3.54,5.86,0.369,22,42.8
396.9,4.54,9.961,2.525,287,1.738,19.6,0.493,0,5,54.3,6.87,7.38,0.182,0,23.1
393.25,3.877,24.53,2.441,277,0.702,18.6,0.489,1,4,92.1,17.27,10.59,0.174,0,21.7
393.29,2.799,24.666,2.381,391,0.125,19.2,0.585,0,6,28.8,17.6,9.69,0.179,0,23.1
363.02,1.345,33.23,2.579,666,1.493,20.2,0.671,0,24,93.3,23.24,18.1,15.288,0,13.9
360.2,3.652,11.415,2.593,307,0.357,17.4,0.507,1,8,66.5,8.05,6.2,0.448,0,29
393.39,3.263,11.075,2.503,304,0.939,18.4,0.544,0,4,82.8,7.9,9.9,0.269,0,21.6
319.98,1.875,22.599,2.451,666,0.23,20.2,0.718,0,24,95.3,15.7,18.1,7.023,0,14.2
360.17,4.233,32.565,2.39,307,1.443,21,0.538,0,4,94.1,22.6,8.14,1.131,0,12.7
378.25,1.967,24.509,2.438,437,0.189,21.2,0.624,0,4,93.5,16.9,21.89,0.323,0,17.4
396.9,1.426,43.634,2.297,666,1.723,20.2,0.7,0,24,98.1,30.81,18.1,16.812,0,7.2
387.89,1.93,11.88,2.684,264,1.772,13,0.647,0,5,91.6,8.1,3.97,0.55,20,36.5
396.9,2.64,8.863,2.474,304,1.141,18.4,0.544,0,4,52.8,5.98,9.9,0.79,0,22.1
6.68,2.496,26.78,2.594,666,0.009,20.2,0.713,0,24,94.1,18.71,18.1,9.514,0,14.9
385.02,1.993,20.805,2.447,188,0.006,19.1,0.581,0,2,88.4,14.81,25.65,0.169,0,21.4
232.6,3.99,38.884,2.439,307,0.845,21,0.538,0,4,82,27.71,8.14,1.388,0,13.2
350.65,2.296,20.422,2.5,666,1.756,20.2,0.77,0,24,91.1,14.19,18.1,3.837,0,19.9
353.89,1.757,9.114,2.463,403,0.014,14.7,0.605,0,5,100,6.43,19.58,1.343,0,24.3
396.9,5.401,9.513,2.51,281,1.338,19,0.426,0,4,32.2,6.72,4.86,0.037,25,24.8
396.9,3.495,6.254,2.841,276,0.807,18,0.445,0,2,76,4.21,2.89,0.121,0,38.7
392.68,3.546,21.548,2.473,666,0.234,20.2,0.583,0,24,79.8,14.98,18.1,5.692,0,19.1
396.9,2.288,13.496,2.474,273,0.747,21,0.573,0,1,76.7,9.08,11.93,0.045,0,20.6
391.99,2.479,14.434,2.568,273,0.149,21,0.573,0,1,69.1,9.67,11.93,0.063,0,22.4
385.76,2.327,16.504,2.524,437,1.159,21.2,0.624,0,4,97.9,11.12,21.89,0.59,0,23
392.2,7.309,10.128,2.697,329,0.528,12.6,0.404,0,2,38.3,6.62,1.52,0.038,80,34.6
348.13,2.389,17.174,2.425,403,1.249,14.7,0.605,0,5,97.3,12.03,19.58,2.314,0,19.1
396.9,1.137,53.396,2.034,666,0.683,20.2,0.668,0,24,100,37.97,18.1,18.498,0,13.8
2.6,1.413,14.394,2.399,666,0.076,20.2,0.597,0,24,100,10.11,18.1,51.136,0,15
396.9,1.322,37.621,2.324,403,1.145,14.7,0.871,1,5,100,26.82,19.58,3.321,0,13.4
28.79,1.554,49.023,2.151,666,0.961,20.2,0.597,0,24,100,34.37,18.1,18.811,0,17.9
2.52,2.022,33.217,2.47,666,0.886,20.2,0.614,0,24,85.1,23.29,18.1,7.05,0,13.4
393.23,3.555,14.651,2.454,296,0.865,16.6,0.51,0,5,47.2,10.11,4.05,0.07,0,23.2
392.74,5.689,26.349,2.456,233,0.012,17.9,0.448,0,3,85.5,18.8,6.91,0.229,0,16.6
391.93,2.011,10.447,2.616,264,1.756,13,0.647,0,5,100,6.9,3.97,0.657,20,30.1
381.32,4.239,20.756,2.463,277,1.024,18.6,0.489,1,4,59.1,14.66,10.59,0.136,0,24.4
396.9,4.101,7.537,2.61,216,0.065,14.9,0.443,0,5,32.2,4.85,3.33,0.21,20,35.1
377.07,7.397,5.771,2.537,330,0.369,19.1,0.431,0,7,8.9,3.59,5.86,0.214,22,24.8
395.58,2.856,11.375,2.604,384,0.019,20.9,0.52,0,5,71.3,7.67,8.56,0.114,0,26.5
395.11,2.422,17.088,2.42,403,1.82,14.7,0.605,0,5,91.8,11.64,19.58,2.242,0,22.7
396.9,5.1,20.579,2.405,233,1.505,17.9,0.448,0,3,33.3,14.15,6.91,0.188,0,20
303.42,4.455,23.97,2.366,307,1.73,21,0.538,0,4,85.7,16.51,8.14,0.841,0,13.9
396.21,6.498,12.147,2.424,345,1.635,18.9,0.409,0,4,21.4,8.1,6.07,0.058,12.5,22
292.29,2.426,20.672,2.424,403,0.013,14.7,0.605,0,5,94.6,14.43,19.58,1.207,0,17.4
394.08,1.85,20.943,2.54,437,1.203,21.2,0.624,0,4,98.4,14.59,21.89,0.352,0,17.1
347.88,1.13,13.277,2.424,666,0.112,20.2,0.668,1,24,89.6,8.88,18.1,8.267,0,50
390.68,7.815,10.16,2.479,284,1.035,19.7,0.453,0,8,29.2,6.86,5.13,0.154,25,23.3
368.57,5.874,13.55,2.479,430,1.533,16.9,0.46,0,4,32.2,9.09,3.24,0.045,0,19.8
376.75,3.652,15.768,2.467,307,0.287,17.4,0.507,0,8,61.5,10.88,6.2,0.33,0,24
380.79,2.104,14.971,2.316,666,1.798,20.2,0.77,0,24,96.2,10.19,18.1,3.678,0,20.8
393.49,2.778,18.235,2.489,384,0.568,20.9,0.52,0,5,54.4,13,8.56,0.108,0,21.7
0.32,2.324,24.806,2.598,666,1.068,20.2,0.713,0,24,92.6,17.44,18.1,6.718,0,13.4
396.9,5.985,11.372,2.457,224,0.225,20.2,0.515,0,5,34.5,8.01,5.19,0.04,0,21.1
368.24,7.828,7.502,2.519,358,1.905,14.8,0.4,0,5,20.1,4.97,2.24,0.065,70,22.5
392.05,1.202,4.502,2.649,666,0.255,20.2,0.631,1,24,97.5,2.96,18.1,6.539,0,50
389.71,6.48,7.221,2.596,398,1.896,15.2,0.437,0,5,30.8,4.69,3.44,0.069,45,30.5
9.32,1.914,37.485,2.48,666,1.351,20.2,0.74,0,24,100,26.45,18.1,15.177,0,8.7
393.68,5.416,7.46,2.536,287,1.378,19.6,0.493,0,5,14.7,5.08,7.38,0.192,0,24.6
375.87,2.453,24.001,2.719,666,0.616,20.2,0.713,0,24,99.3,16.74,18.1,8.248,0,17.8
396.9,1.791,22.029,2.489,666,1.738,20.2,0.693,0,24,92.6,15.17,18.1,8.645,0,13.8
377.17,5.287,11.066,2.499,305,1.144,19.2,0.413,0,4,6.2,7.54,10.81,0.195,0,23.4
390.95,3.797,16.385,2.393,307,0.314,21,0.538,0,4,69.5,11.28,8.14,0.726,0,18.2
88.27,1.658,52.218,2.126,666,0.773,20.2,0.693,0,24,100,36.98,18.1,45.746,0,7
389.15,2.258,20.923,2.423,188,1.087,19.1,0.581,0,2,69.7,14.37,25.65,0.069,0,22
394.96,3.918,11.56,2.557,223,1.351,18.6,0.464,0,3,58.7,7.73,6.96,0.115,20,24.4
314.64,1.455,37.151,2.37,666,1.698,20.2,0.597,0,24,97.9,26.4,18.1,7.404,0,17.2
391.25,6.336,15.942,2.626,300,1.126,16.6,0.428,0,6,54.3,11.38,4.93,0.113,30,22
179.36,1.466,28.572,2.618,666,0.053,20.2,0.597,0,24,100,19.78,18.1,14.438,0,27.5
396.9,4.14,10.272,2.546,254,1.783,17.6,0.447,0,4,32.1,7.19,6.41,0.08,40,29.1
389.43,4.355,26.268,2.405,277,1.898,18.6,0.489,0,4,72.7,18.06,10.59,0.252,0,22.5
386.85,4.499,9.228,2.436,307,0.274,21,0.538,0,4,29.3,6.58,8.14,1.054,0,23.1
396.9,5.117,5.281,2.674,245,0.838,19.2,0.411,0,4,27.7,3.56,4.95,0.079,80,37.3
396.9,5.732,10.906,2.588,370,0.271,17.6,0.484,0,5,56.4,7.18,3.78,0.025,55,23.9
390.55,5.118,4.38,2.834,224,0.627,14.7,0.416,0,4,31.9,2.88,2.68,0.02,95,50
394.43,1.927,24.399,2.39,666,0.063,20.2,0.7,0,24,97,17.11,18.1,6.962,0,15.1
377.73,2.122,25.154,2.492,666,1.166,20.2,0.77,1,24,97.4,17.6,18.1,8.983,0,17.8
3.5,2.779,23.893,2.436,666,0.414,20.2,0.713,0,24,80.3,16.94,18.1,8.201,0,13.5
393.1,1.633,28.611,2.397,666,0.558,20.2,0.693,0,24,98.9,19.92,18.1,7.672,0,8.5
396.9,6.32,22.725,2.406,289,1.33,16,0.437,0,4,58,15.84,13.92,0.141,0,20.3
318.01,2.072,25.262,2.518,666,1.394,20.2,0.74,0,24,96.4,17.79,18.1,6.288,0,14.9
396.9,6.612,6.653,2.508,337,1.633,16.1,0.398,0,4,17.8,4.67,3.37,0.036,80,23.5
393.74,7.827,9.966,2.592,330,0.791,19.1,0.431,0,7,17.5,6.56,5.86,0.191,22,26.2
391.27,2.915,9.967,2.619,296,1.928,16.6,0.51,0,5,74.4,6.92,4.05,0.066,0,29.9
395.77,2.4,22.03,2.36,391,1.408,19.2,0.585,0,6,73.5,15.1,9.69,0.178,0,17.5
390.5,5.451,22.18,2.427,311,1.715,15.2,0.524,0,5,39,15.71,7.87,0.094,12.5,21.7
394.76,2.778,13.669,2.594,384,1.39,20.9,0.52,0,5,79.9,9.42,8.56,0.149,0,27.5
396.9,4.967,13.295,2.534,242,1.149,17.8,0.469,0,2,78.9,9.14,7.07,0.027,0,21.6
395.11,7.225,18.549,2.396,284,0.05,19.7,0.453,0,8,66.2,13.15,5.13,0.149,25,18.7
383.61,5.492,12.211,2.549,329,1.542,16.1,0.433,0,7,18.4,8.67,6.09,0.093,34,26.4
375.33,1.357,5.471,2.585,666,0.619,20.2,0.631,1,24,96.8,3.73,18.1,5.67,0,50
396.9,5.1,14.342,2.384,233,0.632,17.9,0.448,0,3,33.8,10.21,6.91,0.171,0,19.3
396.9,3.318,6.428,2.576,304,1.559,18.4,0.544,0,4,82.5,4.54,9.9,0.493,0,22.8
384.46,12.127,7.007,2.594,187,1.355,17,0.41,0,5,36.1,4.5,2.02,0.017,90,30.1
396.9,4.54,10.612,2.535,287,1.187,19.6,0.493,0,5,52.3,7.2,7.38,0.168,0,23.8
396.9,1.174,49.423,2.215,666,1.692,20.2,0.668,0,24,100,34.77,18.1,11.108,0,13.8
27.25,1.835,40.725,2.537,666,1.808,20.2,0.679,0,24,100,29.05,18.1,18.085,0,7.2
100.19,2.316,23.29,2.537,666,0.202,20.2,0.713,0,24,87.9,16.22,18.1,5.581,0,14.3
396.9,6.498,12.458,2.426,345,1.301,18.9,0.409,0,4,33,8.79,6.07,0.128,12.5,20.9
382.8,10.586,12.113,2.38,334,0.141,22,0.413,0,4,21.9,8.05,1.91,0.043,80,18.2
396.9,1.813,22.446,2.536,437,0.923,21.2,0.624,0,4,98.8,15.39,21.89,0.325,0,18
396.9,2.734,20.11,2.513,666,0.421,20.2,0.713,0,24,83,13.99,18.1,6.655,0,19.5
396.9,2.262,26.037,2.487,666,0.075,20.2,0.713,0,24,98.7,18.13,18.1,9.329,0,14.1
393.23,2.702,13.547,2.421,296,0.743,16.6,0.51,0,5,68.7,9.64,4.05,0.084,0,22.6
394.74,7.038,8.499,2.691,284,1.666,15.5,0.442,0,1,49.3,5.49,1.52,0.013,35,32.7
388.22,3.152,16.493,2.43,666,1.31,20.2,0.583,0,24,53.2,11.45,18.1,4.836,0,20.6
396.9,4.812,14.416,2.446,224,0.119,20.2,0.515,0,5,45.4,9.74,5.19,0.055,0,19
395.75,5.492,13.984,2.567,329,1.508,16.1,0.433,0,7,40.4,9.5,6.09,0.035,34,22
376.14,8.056,14.262,2.495,330,0.292,19.1,0.431,0,7,79.2,10.15,5.86,0.197,22,20.5
354.31,7.309,12.945,2.666,329,0.047,12.6,0.404,0,2,36.6,8.61,1.52,0.047,80,30.3
396.28,7.397,8.861,2.547,330,0.096,19.1,0.431,0,7,13,5.9,5.86,0.14,22,24.4
88.01,1.746,21.651,2.48,403,0.394,14.7,0.871,1,5,82.6,15.02,19.58,3.535,0,15.6
390.11,1.868,26.017,2.446,711,0.311,20.1,0.609,0,4,98.8,18.07,27.74,0.106,0,13.6
393.87,3.789,10.322,2.604,398,0.472,15.2,0.437,0,5,41.1,6.68,3.44,0.079,45,32
396.9,1.358,30.022,2.607,666,0.761,20.2,0.671,0,24,98.8,21.24,18.1,9.823,0,13.3
395.43,2.723,16.745,2.475,666,0.031,20.2,0.77,1,24,83.4,11.48,18.1,5.202,0,22.7
390.91,5.287,7.924,2.463,305,0.06,19.2,0.413,0,4,7.8,5.52,10.81,0.092,0,22.8
396.9,4.812,13.31,2.443,224,1.139,20.2,0.515,0,5,58.5,9.29,5.19,0.062,0,18.7
392.53,4.012,19.94,2.442,307,0.183,21,0.538,0,4,89.2,13.83,8.14,0.852,0,19.6
390.18,8.056,12.996,2.471,330,1.956,19.1,0.431,0,7,34.9,9.16,5.86,0.34,22,24.3
374.56,2.518,11.009,2.529,666,0.904,20.2,0.77,0,24,88,7.79,18.1,4.542,0,25
353.04,1.905,20.516,2.409,666,0.874,20.2,0.77,1,24,89,14.64,18.1,4.222,0,16.8
355.29,2.355,25.156,2.58,666,0.866,20.2,0.713,0,24,98.2,17.73,18.1,5.441,0,15.2
370.73,3.724,18.798,2.423,666,1.134,20.2,0.583,0,24,41.9,13.34,18.1,2.379,0,20.6
394.23,5.648,4.935,2.806,255,0.515,14.4,0.422,0,4,32,2.97,0.46,0.014,80,50
396.06,3.415,8.219,2.661,270,1.408,17.8,0.489,0,2,63.1,5.7,3.41,0.053,0,28.7
392.69,2.421,18.244,2.483,384,0.052,20.9,0.52,0,5,90,12.33,8.56,0.14,0,20.1
385.09,2.368,24.985,2.509,666,1.018,20.2,0.713,0,24,91.8,17.27,18.1,5.09,0,16.1
393.07,3.332,11.684,2.598,666,1.779,20.2,0.532,0,24,74.9,7.74,18.1,5.708,0,23.7
382.84,4.567,6.682,2.56,398,0.066,15.2,0.437,0,5,29.1,4.56,3.44,0.126,45,29.8
390.77,4.367,9.837,2.773,223,0.57,18.6,0.464,1,3,51.8,6.58,6.96,0.222,20,35.2
396.9,2.498,20.783,2.455,391,1.816,19.2,0.585,0,6,79.7,14.33,9.69,0.224,0,16.8
388.74,2.257,15.083,2.501,432,1.687,17.8,0.547,0,6,84.2,10.45,10.01,0.142,0,18.5
382.44,5.215,14.57,2.422,430,0.774,16.9,0.46,0,4,25.8,9.97,3.24,0.066,0,19.3
396.23,4.002,18.615,2.472,304,0.739,18.4,0.544,0,4,58.8,12.73,9.9,0.475,0,21
395.24,3.048,31.027,2.483,307,0.151,17.4,0.507,1,8,91.3,21.46,6.2,0.408,0,21.7
374.71,7.036,7.561,2.528,300,1.354,16.6,0.428,0,6,7.8,5.19,4.93,0.128,30,23.7
350.45,2.519,17.84,2.23,304,1.098,18.4,0.544,0,4,37.8,12.64,9.9,2.635,0,16.1
288.99,3.797,16.482,2.336,307,1.293,21,0.538,0,4,36.6,11.69,8.14,0.803,0,20.2
392.4,1.987,14.755,2.358,264,0.685,13,0.647,0,5,62.8,10.45,3.97,0.762,20,22.8
396.9,4.567,8.085,2.68,398,1.03,15.2,0.437,0,5,38.9,5.39,3.44,0.084,45,34.9
396.9,3.36,13.766,2.436,279,0.609,19.2,0.499,0,5,68.2,9.68,5.96,0.064,0,18.9
390.74,2.509,17.813,2.472,666,0.006,20.2,0.77,0,24,81.3,12.67,18.1,4.261,0,22.6
359.29,1.757,38.802,2.369,188,1.924,19.1,0.581,0,2,95.6,27.26,25.65,0.387,0,15.7
396.9,1.316,19.75,2.704,666,1.212,20.2,0.671,0,24,97.9,13.44,18.1,19.609,0,15
379.7,2.171,26.123,2.487,666,1.452,20.2,0.614,0,24,96.7,18.03,18.1,10.233,0,14.6
334.4,3.067,20.678,2.4,666,0.362,20.2,0.655,0,24,48.2,14.13,18.1,3.164,0,19.9
388.52,2.198,23.892,2.5,666,1.25,20.2,0.74,0,24,96.6,16.44,18.1,9.925,0,12.6
127.36,1.648,38.189,2.303,666,1.246,20.2,0.679,0,24,89.1,26.64,18.1,25.941,0,10.4
386.34,6.336,4.642,2.73,244,1.633,15.9,0.394,0,3,34.2,3.11,3.75,0.015,90,44
392.23,5.245,7.234,2.64,216,0.562,14.9,0.443,0,5,37.2,4.59,3.33,0.037,20,35.4
395.24,2.433,18.096,2.544,384,1.965,20.9,0.52,0,5,97.1,12.27,8.56,0.128,0,19.8
377.07,5.212,4.254,2.765,216,1.252,14.9,0.443,1,5,49.7,3.01,3.33,0.061,20,46
396.9,2.893,20.044,2.407,391,1.748,19.2,0.585,0,6,70.6,14.1,9.69,0.268,0,18.3
391.23,2.545,22.373,2.496,384,0.634,20.9,0.52,0,5,91.2,15.55,8.56,0.264,0,19.4
396.9,5.87,43.893,2.324,233,1.628,17.9,0.448,0,3,95.3,30.81,6.91,0.254,0,14.4
394.54,4.095,28.175,2.411,307,0.873,21,0.538,0,4,100,19.88,8.14,0.988,0,14.5
394.62,6.336,17.685,2.469,300,1.984,16.6,0.428,0,6,65.1,12.4,4.93,0.106,30,20.1
43.06,1.988,33.808,2.541,666,1.864,20.2,0.74,0,24,94.8,23.98,18.1,10.672,0,11.8
394.95,2.353,23.214,2.432,432,0.954,17.8,0.547,0,6,92.9,16.21,10.01,0.123,0,18.8
395.62,5.401,3.655,2.65,252,0.263,18.3,0.428,0,3,15.8,1.98,2.95,0.034,75,34.9
396.9,4.267,4.978,2.618,254,0.488,17.6,0.447,0,4,42.8,2.98,6.41,0.096,40,32
395.63,5.401,10.657,2.573,281,0.448,19,0.426,0,4,70.4,7.22,4.86,0.045,25,23.9
370.31,1.944,36.245,2.42,188,0.235,19.1,0.581,0,2,97,25.41,25.65,0.15,0,17.3
391.34,3.918,19.374,2.433,223,0.683,18.6,0.464,1,3,61.5,13.65,6.96,0.091,20,20.7
372.49,7.955,18.357,2.365,330,0.217,19.1,0.431,0,7,76.5,12.5,5.86,0.206,22,17.6
396.9,2.382,19.513,2.434,391,0.505,19.2,0.585,0,6,42.6,13.59,9.69,0.28,0,24.5
395.6,5.561,17.952,2.452,311,0.972,15.2,0.524,0,5,66.6,12.43,7.87,0.088,12.5,22.9
396.9,7.317,11.048,2.513,293,1.785,16.6,0.405,0,6,45.6,7.6,5.32,0.046,52.5,22.3
388.65,4.429,18.297,2.42,223,1.315,18.6,0.464,0,3,42.1,13,6.96,0.299,20,21.1
393.24,9.223,11.469,2.665,216,1.373,18.6,0.416,0,3,59.5,8.05,1.38,0.02,17.5,33
394.67,2.111,24.724,2.517,437,0.485,21.2,0.624,0,4,98.2,16.96,21.89,0.558,0,18.1
388.69,2.47,21.777,2.413,437,1.075,21.2,0.624,0,4,95.4,15.03,21.89,0.33,0,18.4
396.9,1.703,28.544,2.313,666,0.954,20.2,0.693,0,24,96,19.77,18.1,24.802,0,8.3
396.9,2.548,24.59,2.468,432,1.747,17.8,0.547,0,6,95.4,17.09,10.01,0.222,0,18.7
388.37,2.14,10.69,2.742,264,0.4,13,0.647,0,5,89.4,7.26,3.97,0.534,20,43.1
341.6,1.592,18.851,2.325,403,0.715,14.7,0.871,0,5,100,13.28,19.58,1.496,0,19.6
396.9,1.386,33.712,2.526,666,1.763,20.2,0.671,0,24,96.2,23.69,18.1,23.648,0,13.1
390.94,8.344,8.567,2.576,280,1.137,17,0.435,0,4,29.7,5.99,2.01,0.015,80,24.5
395.56,6.815,19.385,2.442,243,0.776,16.8,0.439,0,4,45.7,13.45,5.64,0.089,21,19.7
396.9,5.416,18.641,2.466,287,0.308,19.6,0.493,0,5,43.7,12.79,7.38,0.241,0,22.2
22.01,2.872,24.535,2.44,666,0.206,20.2,0.655,0,24,84.7,17.15,18.1,3.775,0,19
392.11,1.788,24.552,2.386,437,0.075,21.2,0.624,0,4,96,17.19,21.89,0.259,0,16.2
376.73,4.175,18.4,2.464,307,1.583,21,0.538,0,4,100,13.04,8.14,1.355,0,14.5
396.9,1.669,26.51,2.48,437,1.488,21.2,0.624,0,4,97.9,18.46,21.89,0.545,0,17.8
395.33,3.099,18.422,2.496,666,0.172,20.2,0.532,0,24,90.7,12.87,18.1,4.038,0,19.6
396.9,2.718,21.329,2.466,666,1.591,20.2,0.713,0,24,84.4,14.7,18.1,6.801,0,20
329.46,1.607,38.571,2.352,666,1.775,20.2,0.693,0,24,85.4,27.38,18.1,41.529,0,8.5
395.38,6.27,4.659,2.759,348,1.654,14.7,0.415,0,2,15.7,3.11,2.03,0.022,82.5,42.3
396.9,1.467,40.201,2.157,666,0.064,20.2,0.7,0,24,100,28.28,18.1,24.394,0,10.5
393.74,3.363,15.611,2.524,276,1.478,16.4,0.55,1,5,92.4,10.5,13.89,0.114,0,23
396.9,2.829,7.568,2.642,193,0.985,17.8,0.488,0,3,58.4,5.04,2.46,0.058,0,37.2
374.43,1.971,3.069,2.737,403,0.227,14.7,0.605,0,5,90.8,1.73,19.58,1.463,0,50
88.63,1.736,23.47,2.296,403,0.589,14.7,0.871,0,5,94,16.14,19.58,2.447,0,13.1
48.45,1.794,32.743,2.612,666,0.09,20.2,0.718,0,24,76.5,22.74,18.1,11.812,0,8.4
396.9,2.596,21.406,2.361,296,1.411,16.6,0.51,0,5,88.5,14.69,4.05,0.139,0,23.1
395.52,5.885,5.375,2.815,198,0.277,13.6,0.401,1,1,24.8,3.16,1.21,0.015,90,50
396.21,2.305,26.913,2.546,666,1.633,20.2,0.614,0,24,93.6,18.68,18.1,4.871,0,16.7
338.92,1.798,8.454,2.5,403,1.877,14.7,0.605,1,5,92.6,5.5,19.58,1.273,0,27
395.62,4.499,11.99,2.415,307,1.579,21,0.538,0,4,56.5,8.47,8.14,0.627,0,19.9
386.63,6.082,41.974,2.373,311,0.94,15.2,0.524,0,5,100,29.93,7.87,0.211,12.5,16.5
392.33,10.71,10.931,2.426,411,0.17,18.3,0.411,0,4,18.5,7.79,1.69,0.072,60,18.6
393.55,3.092,11.954,2.531,270,0.274,17.8,0.489,0,2,73.9,8.2,3.41,0.039,0,22
7.68,1.91,34.597,2.428,666,0.051,20.2,0.679,0,24,95.4,24.39,18.1,15.86,0,8.3
391.13,4.721,16.517,2.389,287,0.155,19.6,0.493,0,5,74.3,11.74,7.38,0.284,0,18.5
396.3,2.834,16.818,2.454,304,1.546,18.4,0.544,0,4,90.4,11.72,9.9,0.262,0,19.4
338.63,2.478,22.439,2.423,432,0.35,17.8,0.547,0,6,73.1,15.37,10.01,0.131,0,20.4
396.9,3.945,16.067,2.427,277,1.055,18.6,0.489,0,4,22.3,10.87,10.59,0.136,0,22.6
50.92,2.436,26.037,2.554,666,0.394,20.2,0.713,0,24,86.5,18.13,18.1,4.752,0,14.1
392.04,1.669,30.29,2.42,437,1.295,21.2,0.624,0,4,98.2,21.32,21.89,0.25,0,13.3
396.9,3.615,14.866,2.5,270,0.674,18.2,0.464,0,4,77.3,10.59,15.04,0.043,28,20.6
395.24,3.665,34.305,2.325,277,1.377,18.6,0.489,1,4,88.6,23.98,10.59,0.376,0,19.3
396.9,4.708,12.55,2.439,307,0.144,21,0.538,0,4,61.8,8.26,8.14,0.63,0,20.4
395.21,3.533,15.493,2.526,304,0.709,18.4,0.544,0,4,67.2,10.36,9.9,0.402,0,23.1
390.07,4.148,7.341,2.713,307,0.663,17.4,0.507,0,8,71.6,4.73,6.2,0.512,0,31.5
377.56,3.378,16.861,2.417,279,1.324,19.2,0.499,0,5,61.4,11.41,5.96,0.097,0,20
395.99,4.427,18.046,2.453,247,0.391,18.5,0.449,0,3,45.1,12.86,4.49,0.052,0,22.5
391.71,1.461,42.032,2.219,403,0.636,14.7,0.871,0,5,95.7,29.53,19.58,2.369,0,14.6
396.9,1.58,33.11,2.353,666,0.988,20.2,0.7,0,24,100,23.6,18.1,9.187,0,11.3
396.9,4.429,9.725,2.498,223,1.471,18.6,0.464,0,3,16.3,6.59,6.96,0.162,20,25.2
396.9,4.078,5.041,2.6,254,1.481,17.6,0.447,1,4,32.9,3.53,6.41,0.056,40,32.4
387.69,2.122,20.128,2.475,384,0.718,20.9,0.52,0,5,85.2,14.09,8.56,0.131,0,20.4
385.91,3.838,4.232,2.887,307,1.253,17.4,0.507,0,8,73.3,2.47,6.2,0.575,0,41.7
396.9,1.518,45.121,2.236,666,0.479,20.2,0.7,0,24,89.5,31.99,18.1,22.597,0,7.4
383.23,4.503,13.267,2.507,398,1.694,18.7,0.437,0,5,45,8.94,12.83,0.095,0,21.4
392.92,4.098,15.006,2.4,666,0.385,20.2,0.532,0,24,40.3,10.42,18.1,2.818,0,21.8
393.77,6.27,11.213,2.482,348,0.761,14.7,0.415,0,2,38.4,7.43,2.03,0.034,82.5,24.1
372.8,1.618,20.449,2.474,403,0.529,14.7,0.871,0,5,97.3,14.1,19.58,1.657,0,21.5
376.11,1.639,28.814,2.531,666,1.27,20.2,0.693,0,24,100,20.31,18.1,9.596,0,12.1
393.82,2.802,14.989,2.552,666,1.018,20.2,0.713,0,24,89.9,10.29,18.1,5.821,0,20.2
363.43,1.877,7.183,2.635,403,1.234,14.7,0.605,0,5,97.4,4.59,19.58,1.224,0,41.3
377.51,3.375,6.006,2.772,307,0.677,17.4,0.504,0,8,17,3.92,6.2,0.298,0,46.7
100.63,2.222,22.038,2.492,666,1.867,20.2,0.713,0,24,95,15.17,18.1,13.913,0,11.7
392.8,2.112,13.666,2.684,264,1.923,13,0.647,0,5,81.8,9.59,3.97,0.54,20,33.8
387.97,6.465,7.217,2.622,370,0.611,17.6,0.484,0,5,28.1,4.61,3.78,0.03,55,31.2
396.9,1.346,41.081,2.214,403,1.591,14.7,0.871,0,5,97.8,29.29,19.58,2.78,0,11.8
389.71,6.458,8.35,2.513,224,0.896,20.2,0.515,0,5,38.1,5.68,5.19,0.051,0,22.2
390.64,5.401,10.866,2.483,281,1.212,19,0.426,0,4,46.7,7.51,4.86,0.036,25,22.9
386.96,4.091,14.441,2.478,398,1.061,18.7,0.437,0,5,45.8,10.27,12.83,0.087,0,20.8
396.9,1.417,24.984,2.64,666,0.611,20.2,0.671,0,24,91.9,17.21,18.1,88.976,0,10.4
390.94,3.653,23.396,2.41,277,1.393,18.6,0.489,1,4,53.8,16.03,10.59,0.217,0,22.4
394.51,2.747,14.888,2.454,432,0.538,17.8,0.547,0,6,82.6,10.3,10.01,0.151,0,19.2
378.95,3.652,5.584,2.872,307,1.991,17.4,0.507,0,8,70.4,3.95,6.2,0.331,0,48.3
375.21,5.215,10.66,2.517,430,1.99,16.9,0.46,0,4,17.2,7.34,3.24,0.067,0,22.6
349.48,2.101,34.918,2.303,666,1.935,20.2,0.614,0,24,97.3,24.91,18.1,15.023,0,12
248.31,3.76,29.224,2.469,307,1.42,21,0.538,0,4,96.9,20.34,8.14,1.613,0,13.5
318.43,1.823,42.549,2.257,711,1.934,20.1,0.609,0,4,98,29.68,27.74,0.207,0,8.1
285.83,1.44,43.23,2.09,666,1.972,20.2,0.7,0,24,91.2,30.63,18.1,20.085,0,8.8
393.74,1.386,31.392,2.495,666,0.511,20.2,0.671,0,24,100,21.78,18.1,17.867,0,10.2
396.9,2.505,11.164,2.456,273,0.881,21,0.573,0,1,80.8,7.88,11.93,0.047,0,11.9
396.9,9.188,8.644,2.526,313,1.182,17.3,0.41,0,2,35.7,5.77,0.74,0.021,85,24.7
388.62,3.992,15.59,2.512,666,0.404,20.2,0.583,0,24,51.9,10.58,18.1,3.674,0,21.2
396.9,6.088,23.404,2.367,233,1.235,17.9,0.448,0,3,62,16.2,6.91,0.22,0,19.4
395.18,9.22,13.501,2.424,315,0.61,16.4,0.392,0,1,19.1,9.25,3.64,0.035,80,20.9
364.61,8.014,18.231,2.429,352,0.024,18.8,0.442,0,3,52.3,12.67,4.39,0.062,0,17.2
395.58,7.981,13.701,2.6,284,1.547,19.7,0.453,0,8,43.4,9.5,5.13,0.127,25,25
316.03,1.752,20.191,2.228,666,1.901,20.2,0.718,0,24,91.4,14,18.1,3.697,0,21.9
394.81,5.615,14.97,2.428,224,1.414,20.2,0.515,0,5,59.6,10.56,5.19,0.03,0,18.5
356.99,1.53,40.085,2.277,403,1.354,14.7,0.871,0,5,93.8,28.32,19.58,2.331,0,17.8
388.08,1.612,33.871,2.485,437,1.714,21.2,0.624,0,4,93.6,24.16,21.89,0.291,0,14
389.85,8.792,8.957,2.634,335,0.396,19.7,0.429,0,1,34.5,5.89,1.25,0.029,40,26.6
396.9,7.32,21.307,2.427,469,0.41,21.1,0.41,0,3,47.6,14.8,4,0.014,75,18.9
391.45,1.866,31.865,2.412,666,0.244,20.2,0.74,0,24,92.4,22.11,18.1,22.051,0,10.5
396.9,6.227,19.304,2.451,311,1.529,15.2,0.524,0,5,82.9,13.27,7.87,0.117,12.5,18.9
396.9,1.589,38.288,2.447,666,1.003,20.2,0.693,0,24,100,26.77,18.1,25.046,0,5.6
396.9,5.503,12.659,2.475,289,0.758,16,0.437,0,4,18.4,8.58,13.92,0.083,0,23.9
396.06,4.503,13.491,2.424,398,0.071,18.7,0.437,0,5,36.6,9.1,12.83,0.084,0,20.3
109.85,2.125,32.653,2.575,666,1.664,20.2,0.74,0,24,94.6,23.27,18.1,11.16,0,13.4
377.67,2.197,20.565,2.45,188,0.089,19.1,0.581,0,2,84.1,14.27,25.65,0.072,0,20.3
390.3,2.872,4.456,2.733,264,1.62,13,0.575,0,5,52.6,3.16,3.97,0.541,20,43.5
24.65,1.998,22.646,2.416,666,0.657,20.2,0.584,0,24,59.7,15.69,18.1,12.247,0,10.2
394.92,4.252,10.479,2.505,398,0.99,18.7,0.437,0,5,6,6.78,12.83,0.079,0,24.1
131.42,1.511,19.287,1.965,666,1.934,20.2,0.631,0,24,100,13.33,18.1,13.522,0,23.1
396.9,2.847,8.154,2.562,193,0.791,17.8,0.488,0,3,95.6,5.68,2.46,0.1,0,32.5
392.83,4.967,5.805,2.68,242,0.35,17.8,0.469,0,2,61.1,4.03,7.07,0.027,0,34.7
396.9,5.951,27.455,2.484,311,0.705,15.2,0.524,0,5,96.1,19.15,7.87,0.145,12.5,27.1
169.27,1.517,24.079,2.372,403,0.947,14.7,0.871,0,5,100,16.65,19.58,2.155,0,15.6
396.9,1.412,37.232,2.338,403,0.849,14.7,0.871,0,5,100,26.42,19.58,4.097,0,15.6
344.91,2.463,22.856,2.435,432,1.35,17.8,0.547,0,6,88.2,15.76,10.01,0.171,0,18.3
396.9,2.271,17.676,2.515,437,0.343,21.2,0.624,0,4,97.7,12.26,21.89,1.193,0,19.6
393.53,3.495,5.367,2.796,276,1.356,18,0.445,0,2,36.9,3.57,2.89,0.082,0,43.8
393.45,2.389,9.315,2.607,273,1.837,21,0.573,0,1,89.3,6.48,11.93,0.11,0,22
394.05,2.107,23.354,2.419,384,0.025,20.9,0.52,0,5,96.7,16.47,8.56,0.133,0,19.5
396.9,7.309,6.596,2.699,329,0.128,12.6,0.404,0,2,34.1,4.08,1.52,0.04,80,33.3
172.91,1.419,39.379,2.476,403,1.405,14.7,0.871,0,5,100,27.8,19.58,2.379,0,13.8
389.4,6.458,9.718,2.512,224,0.338,20.2,0.515,0,5,38.5,6.75,5.19,0.037,0,20.7
396.33,3.666,9.002,2.492,270,0.017,18.2,0.464,0,4,28.9,6.21,15.04,0.029,28,25
396.9,5.117,7.202,2.575,245,0.886,19.2,0.411,0,4,23.4,4.7,4.95,0.036,80,27.9
396.9,1.77,36.471,2.244,666,1.148,20.2,0.7,0,24,97,25.68,18.1,11.578,0,9.7
386.4,5.014,17.512,2.496,398,1.857,18.7,0.437,0,5,53.7,12.34,12.83,0.056,0,21.2
255.23,2.598,23.775,2.589,666,0.122,20.2,0.713,0,24,90,16.42,18.1,4.812,0,16.4
396.9,6.815,11.803,2.449,243,0.383,16.8,0.439,0,4,21.4,8.43,5.64,0.05,21,23.4
21.57,1.82,36.668,2.604,666,0.364,20.2,0.679,0,24,90.8,25.79,18.1,10.834,0,7.5
396.9,6.612,14.813,2.406,337,0.369,16.1,0.398,0,4,31.1,10.24,3.37,0.044,80,19.4
392.89,9.22,9.323,2.471,315,1.596,16.4,0.392,0,1,32,6.57,3.64,0.048,80,21.9
385.64,8.014,15.735,2.452,352,0.55,18.8,0.442,0,3,48.5,10.53,4.39,0.031,0,17.5
358.77,3.787,26.435,2.388,307,1.751,21,0.538,0,4,95,18.35,8.14,1.152,0,13.1
97.95,2.2,17.079,2.535,666,0.081,20.2,0.584,0,24,74.8,12.03,18.1,6.444,0,16.1
354.55,1.905,8.401,2.963,666,1.097,20.2,0.718,1,24,82.9,5.29,18.1,3.474,0,21.9
396.9,4.721,11.467,2.458,287,1.634,19.6,0.493,0,5,49.9,7.7,7.38,0.351,0,20.4
395.5,2.646,12.774,2.533,296,1.152,16.6,0.51,0,5,84.1,9.04,4.05,0.092,0,23.6
240.52,1.896,34.011,2.42,666,0.679,20.2,0.74,0,24,96.6,23.79,18.1,12.802,0,10.8
386.71,6.592,24.043,2.45,311,0.687,15.2,0.524,0,5,85.9,17.1,7.87,0.17,12.5,18.9
380.34,3.375,6.178,2.56,307,0.902,17.4,0.504,0,8,21.4,3.76,6.2,0.442,0,31.5
370.22,1.178,33.022,2.034,666,0.218,20.2,0.659,0,24,100,23.34,18.1,20.716,0,11.9
291.55,1.951,20.659,2.377,666,0.598,20.2,0.614,0,24,87.6,14.1,18.1,12.048,0,20.8
396.9,6.932,13.494,2.435,284,0.845,19.7,0.453,0,8,47.2,9.22,5.13,0.103,25,19.6
392.8,3.112,19.497,2.427,276,0.856,16.4,0.55,1,5,56,13.51,13.89,0.046,0,23.3
389.96,6.267,12.585,2.557,422,0.547,15.9,0.518,0,1,59.7,8.65,1.89,0.025,0,16.5
396.9,2.824,21.564,2.39,666,0.364,20.2,0.58,0,24,56.7,14.76,18.1,13.075,0,20.1
302.76,2.206,34.338,2.482,666,0.174,20.2,0.584,0,24,97.4,24.1,18.1,6.393,0,13.3
392.78,5.118,5.416,2.802,224,0.09,14.7,0.416,0,4,33.2,3.81,2.68,0.035,95,48.5
392.85,5.96,10.668,2.559,289,1.812,16,0.437,0,4,51,7.39,13.92,0.054,0,27.1
369.3,2.046,6.084,2.816,403,1.784,14.7,0.605,0,5,96.2,3.7,19.58,2.01,0,50
395.28,3.411,10.106,2.657,666,0.891,20.2,0.532,0,24,77,7.01,18.1,5.731,0,25
392.43,8.535,8.971,2.553,351,1.662,17.9,0.429,0,4,27.7,6.36,4.15,0.019,85,23.1
362.25,6.641,11.403,2.456,304,0.619,16.9,0.438,0,1,23.3,7.83,6.06,0.035,35,19.4
396.9,1.728,29.655,2.322,666,1.122,20.2,0.7,0,24,98.9,20.85,18.1,8.152,0,11.5
375.52,1.333,5.247,2.229,666,0.984,20.2,0.631,0,24,100,3.26,18.1,4.898,0,50
297.09,2.1,15.763,2.514,403,1.48,14.7,0.605,0,5,96.1,11.1,19.58,2.3,0,23.8
227.61,2.426,17.213,2.424,403,1.466,14.7,0.605,0,5,79.2,12.14,19.58,1.8,0,23.8
383.32,1.951,18.846,2.496,666,1.822,20.2,0.614,0,24,88,13.11,18.1,14.334,0,21.4
262.76,2.346,24.934,2.399,437,0.391,21.2,0.624,0,4,98.4,17.31,21.89,0.976,0,15.6
396.9,2.168,8.405,2.641,273,0.555,21,0.573,0,1,91,5.64,11.93,0.061,0,23.9
395.69,2.005,23.461,2.494,666,1.138,20.2,0.74,0,24,100,16.59,18.1,5.666,0,18.4
396.9,5.117,5.211,2.619,245,1.619,19.2,0.411,0,4,27.9,3.33,4.95,0.035,80,28.5
396.9,4.09,7.093,2.564,296,0.516,15.3,0.538,0,1,65.2,4.98,2.31,0.006,18,24
385.81,3.945,13.38,2.525,277,0.077,18.6,0.489,0,4,32.3,9.38,10.59,0.141,0,28.1
272.21,2.783,22.884,2.51,666,1.843,20.2,0.713,0,24,83.7,16.23,18.1,7.752,0,14.9
396.9,3.422,8.695,2.647,270,0.679,17.8,0.489,0,2,86.3,5.5,3.41,0.057,0,23.6
395.59,2.678,14.994,2.591,432,0.358,17.8,0.547,0,6,81.6,10.16,10.01,0.101,0,22.8
387.11,3.28,18.895,2.481,193,0.428,17.8,0.488,0,3,68.8,13.15,2.46,0.06,0,29.6
389.13,7.955,26.725,2.367,330,0.358,19.1,0.431,0,7,70.2,18.46,5.86,0.191,22,18.5
396.9,5.503,15.338,2.451,289,0.413,16,0.437,0,4,42.3,10.4,13.92,0.082,0,21.7
396.9,2.799,29.783,2.322,391,1.344,19.2,0.585,0,6,72.9,21.14,9.69,0.29,0,19.7
396.9,3.183,11.256,2.617,222,1.572,18.4,0.472,0,7,70.3,7.53,2.18,0.049,33,28.2
396.9,7.653,7.33,2.641,402,0.537,17,0.403,0,3,15.3,4.56,1.47,0.032,95,34.9
378.08,6.819,20.709,2.443,284,0.28,19.7,0.453,0,8,93.4,14.44,5.13,0.172,25,16
392.52,6.347,28.918,2.525,311,1.678,15.2,0.524,0,5,94.3,20.45,7.87,0.225,12.5,15
368.74,2.908,26.07,2.434,666,0.867,20.2,0.58,0,24,71,18.13,18.1,15.576,0,19.1
395.6,3.318,9.723,2.513,296,0.119,16.6,0.51,0,5,73.4,6.29,4.05,0.054,0,24.6
390.39,3.272,14.186,2.623,307,1.637,17.4,0.507,1,8,77.7,9.93,6.2,0.624,0,27.5
385.96,2.065,27.432,2.531,666,0.447,20.2,0.74,0,24,97.2,19.52,18.1,9.724,0,17.1
396.9,2.963,19.47,2.492,666,0.762,20.2,0.655,0,24,65.4,13.22,18.1,7.839,0,21.4
390.49,6.48,4.523,2.679,398,0.263,15.2,0.437,0,5,26.3,2.87,3.44,0.087,45,36.4
396.9,6.062,7.627,2.673,222,0.953,18.7,0.458,0,3,54.2,5.33,2.18,0.069,0,36.2
384.54,2.422,11.319,2.88,264,1.828,13,0.575,0,5,67,7.44,3.97,0.578,20,50
396.9,2.889,25.735,2.439,276,0.219,16.4,0.55,1,5,93.8,17.92,13.89,0.111,0,21.5
394.46,5.721,11.172,2.492,233,0.313,17.9,0.448,0,3,6.5,7.44,6.91,0.159,0,24.7
364.31,1.766,10.396,2.551,403,0.16,14.7,0.871,0,5,100,7.39,19.58,1.425,0,23.3
392.9,8.325,6.41,2.611,256,0.827,15.1,0.411,0,5,40.5,3.95,1.32,0.014,100,31.6
396.9,5.231,14.466,2.423,224,1.775,20.2,0.515,0,5,46.3,9.8,5.19,0.034,0,19.5
343.28,1.61,17.126,2.239,403,1.992,14.7,0.871,1,5,88,12.12,19.58,1.127,0,15.3
352.58,2.43,25.639,2.33,666,1.642,20.2,0.584,0,24,95.4,18.14,18.1,8.056,0,13.8
392.18,3.092,13.069,2.533,270,1.705,17.8,0.489,0,2,66.1,8.81,3.41,0.047,0,22.6
372.75,7.036,16.09,2.522,300,0.135,16.6,0.428,0,6,52.9,11.22,4.93,0.103,30,22.2
396.9,6.815,7.604,2.552,243,0.226,16.8,0.439,0,4,21.1,5.28,5.64,0.054,21,25
351.85,1.526,30.964,2.366,403,1.556,14.7,0.871,0,5,94.9,21.45,19.58,2.734,0,15.4
332.09,1.285,17.153,2.368,666,0.039,20.2,0.659,0,24,100,12.13,18.1,11.951,0,27.9
341.6,9.089,18.85,2.496,241,1.6,18.2,0.385,0,1,31.5,12.93,1.76,0.02,80,20.1
380.02,4.462,14.789,2.469,307,1.599,21,0.538,0,4,84.5,10.26,8.14,0.638,0,18.2
396.9,1.98,25.93,2.374,437,1.893,21.2,0.624,0,4,94.7,18.34,21.89,0.881,0,14.3
210.97,1.589,28.341,2.27,666,0.326,20.2,0.597,0,24,100,20.08,18.1,28.656,0,16.3
391,2.988,20.078,2.367,193,0.457,17.8,0.488,0,3,89.8,13.98,2.46,0.083,0,26.4
